{"state_featurizer": {"py/object": "rasa_core.featurizers.BinarySingleStateFeaturizer", "num_features": 14, "slot_feature_len": 1, "user_feature_len": 5, "input_state_map": {"intent_greet": 1, "prev_action_weather": 9, "prev_utter_fallback": 13, "prev_utter_ask_location": 12, "prev_utter_goodbye": 11, "intent_intent_start": 3, "intent_inform": 2, "slot_location_0": 5, "prev_action_restart": 7, "entity_location": 4, "prev_action_listen": 6, "prev_utter_greet": 10, "prev_action_default_fallback": 8, "intent_goodbye": 0}}, "py/object": "rasa_core.featurizers.MaxHistoryTrackerFeaturizer", "use_intent_probabilities": false, "max_history": 5, "remove_duplicates": true}