{"max_history": 5, "use_intent_probabilities": false, "remove_duplicates": true, "py/object": "rasa_core.featurizers.MaxHistoryTrackerFeaturizer", "state_featurizer": {"user_feature_len": 5, "slot_feature_len": 1, "num_features": 15, "input_state_map": {"intent_greet": 1, "prev_utter_ask_location": 13, "prev_utter_goodbye": 12, "slot_location_0": 5, "intent_intent_start": 3, "prev_action_listen": 6, "intent_goodbye": 0, "entity_location": 4, "prev_action_restart": 7, "prev_utter_fallback": 14, "prev_action_weather": 9, "prev_action_default_fallback": 8, "prev_utter_greetcorrecion": 11, "intent_inform": 2, "prev_utter_greet": 10}, "py/object": "rasa_core.featurizers.BinarySingleStateFeaturizer"}}