{
    "training_data": "training_data.json",
    "language": "es",
    "trained_at": "20181124-164718",
    "rasa_nlu_version": "0.13.7",
    "pipeline": [
        {
            "class": "rasa_nlu.utils.spacy_utils.SpacyNLP",
            "name": "nlp_spacy",
            "model": "es",
            "case_sensitive": false
        },
        {
            "class": "rasa_nlu.tokenizers.spacy_tokenizer.SpacyTokenizer",
            "name": "tokenizer_spacy"
        },
        {
            "class": "rasa_nlu.featurizers.regex_featurizer.RegexFeaturizer",
            "regex_file": "regex_featurizer.json",
            "name": "intent_entity_featurizer_regex"
        },
        {
            "class": "rasa_nlu.featurizers.spacy_featurizer.SpacyFeaturizer",
            "name": "intent_featurizer_spacy"
        },
        {
            "class": "rasa_nlu.extractors.crf_entity_extractor.CRFEntityExtractor",
            "name": "ner_crf",
            "L1_c": 0.1,
            "classifier_file": "crf_model.pkl",
            "max_iterations": 50,
            "BILOU_flag": true,
            "features": [
                [
                    "low",
                    "title",
                    "upper"
                ],
                [
                    "bias",
                    "low",
                    "prefix5",
                    "prefix2",
                    "suffix5",
                    "suffix3",
                    "suffix2",
                    "upper",
                    "title",
                    "digit",
                    "pattern"
                ],
                [
                    "low",
                    "title",
                    "upper"
                ]
            ],
            "L2_c": 0.1
        },
        {
            "class": "rasa_nlu.extractors.entity_synonyms.EntitySynonymMapper",
            "synonyms_file": "entity_synonyms.json",
            "name": "ner_synonyms"
        },
        {
            "epochs": 300,
            "mu_pos": 0.8,
            "num_hidden_layers_b": 0,
            "hidden_layer_size_a": [
                256,
                128
            ],
            "name": "intent_classifier_tensorflow_embedding",
            "evaluate_every_num_epochs": 10,
            "embed_dim": 20,
            "use_max_sim_neg": true,
            "evaluate_on_num_examples": 1000,
            "C_emb": 0.8,
            "num_hidden_layers_a": 2,
            "intent_split_symbol": "_",
            "C2": 0.002,
            "num_neg": 20,
            "classifier_file": "intent_classifier_tensorflow_embedding.ckpt",
            "intent_tokenization_flag": false,
            "hidden_layer_size_b": [],
            "class": "rasa_nlu.classifiers.embedding_intent_classifier.EmbeddingIntentClassifier",
            "droprate": 0.2,
            "batch_size": [
                64,
                256
            ],
            "mu_neg": -0.4,
            "similarity_type": "cosine"
        }
    ]
}