{
  "rasa_nlu_data": {
    "common_examples": [
      {
        "text": "hola",
        "intent": "greet"
      },
      {
        "text": "hola de nuevo",
        "intent": "greet"
      },
      {
        "text": "adios",
        "intent": "goodbye"
      },
      {
        "text": "cual es el clima en Berlin?",
        "intent": "inform",
        "entities": [
          {
            "value": "Berlin",
            "end": 26,
            "entity": "location",
            "start": 20
          }
        ]
      },
      {
        "text": "hey",
        "intent": "greet"
      },
      {
        "text": "hola",
        "intent": "greet"
      },
      {
        "text": "buenas",
        "intent": "greet"
      },
      {
        "text": "buen dia",
        "intent": "greet"
      },
      {
        "text": "buenos dias",
        "intent": "greet"
      },
      {
        "text": "buenas tardes",
        "intent": "greet"
      },
      {
        "text": "buenas noches",
        "intent": "greet"
      },
      {
        "text": "adios",
        "intent": "goodbye"
      },
      {
        "text": "chao",
        "intent": "goodbye"
      },
      {
        "text": "suerte",
        "intent": "goodbye"
      },
      {
        "text": "Que bien Gracias",
        "intent": "goodbye"
      },
      {
        "text": "Gracias",
        "intent": "goodbye"
      },
      {
        "text": "nos vemos",
        "intent": "goodbye"
      },
      {
        "text": "nos vemos luego",
        "intent": "goodbye"
      },
      {
        "text": "Cual es el clima de hoy?",
        "intent": "inform"
      },
      {
        "text": "cual es el clima en Londres?",
        "intent": "inform",
        "entities": [
          {
            "value": "Londres",
            "end": 26,
            "entity": "location",
            "start": 19
          }
        ]
      },
      {
        "text": "muestrame el clima en Paris",
        "intent": "inform",
        "entities": [
          {
            "value": "Paris",
            "end": 26,
            "entity": "location",
            "start": 21
          }
        ]
      },
      {
        "text": "quiero saber el clima en Paris, y no el Medellin",
        "intent": "inform",
        "entities": [
          {
            "value": "Paris",
            "end": 30,
            "entity": "location",
            "start": 25
          }
        ]
      },
      {
        "text": "quiero saber el clima en Paris, A no, el Medellin",
        "intent": "inform",
        "entities": [
          {
            "value": "Medellin",
            "end": 49,
            "entity": "location",
            "start": 41
          }
        ]
      },
      {
        "text": "quiero saber el clima en Paris, y no el Pasto",
        "intent": "inform",
        "entities": [
          {
            "value": "Paris",
            "end": 30,
            "entity": "location",
            "start": 25
          }
        ]
      },
      {
        "text": "quiero saber el clima en Paris, A no, el Cali",
        "intent": "inform",
        "entities": [
          {
            "value": "Cali",
            "end": 49,
            "entity": "location",
            "start": 41
          }
        ]
      },
      {
        "text": "el clima en Lima no el de Medellin",
        "intent": "inform",
        "entities": [
          {
            "value": "Lima",
            "end": 17,
            "entity": "location",
            "start": 13
          }
        ]
      },
      {
        "text": "quiero saber el clima en Paris, A no, en Lima",
        "intent": "inform",
        "entities": [
          {
            "value": "Lima",
            "end": 46,
            "entity": "location",
            "start": 42
          }
        ]
      },
      {
        "text": "en ibague y no en lima",
        "intent": "inform",
        "entities": [
          {
            "value": "ibague",
            "end": 8,
            "entity": "location",
            "start": 3
          }
        ]
      },
      {
        "text": "ibague y no en Cucuta",
        "intent": "inform",
        "entities": [
          {
            "value": "ibague",
            "end": 5,
            "entity": "location",
            "start": 0
          }
        ]
      },
      {
        "text": "en ibague no en lima",
        "intent": "inform",
        "entities": [
          {
            "value": "ibague",
            "end": 8,
            "entity": "location",
            "start": 3
          }
        ]
      },
      {
        "text": "ibague no en Londres",
        "intent": "inform",
        "entities": [
          {
            "value": "ibague",
            "end": 5,
            "entity": "location",
            "start": 0
          }
        ]
      },
      {
        "text": "No en lima pero si Cali",
        "intent": "inform",
        "entities": [
          {
            "value": "Cali",
            "end": 10,
            "entity": "location",
            "start": 6
          }
        ]
      },
      {
        "text": "quisiera saber cual es el clima en Vilna?",
        "intent": "inform",
        "entities": [
          {
            "value": "Vilna",
            "end": 40,
            "entity": "location",
            "start": 35
          }
        ]
      },
      {
        "text": "Cual es el clima?",
        "intent": "inform"
      },
      {
        "text": "hablame del clima",
        "intent": "inform"
      },
      {
        "text": "Hoy hace buen tiempo en Barcelona?",
        "intent": "inform",
        "entities": [
          {
            "value": "Barcelona",
            "end": 33,
            "entity": "location",
            "start": 24
          }
        ]
      },
      {
        "text": "Voy de viaje a Londres y quiero saber que clima hace?",
        "intent": "inform",
        "entities": [
          {
            "value": "Londres",
            "end": 22,
            "entity": "location",
            "start": 15
          }
        ]
      },
      {
        "text": "Estoy planeando mi viaje a Amsterdam. ¿Qué clima hace?",
        "intent": "inform",
        "entities": [
          {
            "value": "Amsterdam",
            "end": 35,
            "entity": "location",
            "start": 27
          }
        ]
      },
      {
        "text": "Muestrema el clima en Dublin, por favor",
        "intent": "inform",
        "entities": [
          {
            "value": "Dublin",
            "end": 28,
            "entity": "location",
            "start": 22
          }
        ]
      },
      {
        "text": "en Londres",
        "intent": "inform",
        "entities": [
          {
            "value": "Londres",
            "end": 10,
            "entity": "location",
            "start": 3
          }
        ]
      },
      {
        "text": "es Lima",
        "intent": "inform",
        "entities": [
          {
            "value": "Lima",
            "end": 7,
            "entity": "location",
            "start": 3
          }
        ]
      },
      {
        "text": "es Paris",
        "intent": "inform",
        "entities": [
          {
            "value": "Paris",
            "end": 8,
            "entity": "location",
            "start": 3
          }
        ]
      },
      {
        "text": "en Buenos Aires",
        "intent": "inform",
        "entities": [
          {
            "value": "Buenos Aires",
            "end": 15,
            "entity": "location",
            "start": 3
          }
        ]
      },
      {
        "text": "Buenos Aires",
        "intent": "inform",
        "entities": [
          {
            "value": "Buenos Aires",
            "end": 12,
            "entity": "location",
            "start": 0
          }
        ]
      },
      {
        "text": "Paris",
        "intent": "inform",
        "entities": [
          {
            "value": "Paris",
            "end": 5,
            "entity": "location",
            "start": 0
          }
        ]
      },
      {
        "text": "Manizales",
        "intent": "inform",
        "entities": [
          {
            "value": "Manizales",
            "end": 9,
            "entity": "location",
            "start": 0
          }
        ]
      },
      {
        "text": "Pereira",
        "intent": "inform",
        "entities": [
          {
            "value": "Pereira",
            "end": 7,
            "entity": "location",
            "start": 0
          }
        ]
      },
      {
        "text": "Cucuta",
        "intent": "inform",
        "entities": [
          {
            "value": "Cucuta",
            "end": 6,
            "entity": "location",
            "start": 0
          }
        ]
      },
      {
        "text": "La paz",
        "intent": "inform",
        "entities": [
          {
            "value": "La Paz",
            "end": 6,
            "entity": "location",
            "start": 0
          }
        ]
      },
      {
        "text": "Santa Cruz",
        "intent": "inform",
        "entities": [
          {
            "value": "Santa Cruz",
            "end": 10,
            "entity": "location",
            "start": 0
          }
        ]
      },
      {
        "text": "Rio de Janeiro",
        "intent": "inform",
        "entities": [
          {
            "value": "Rio de Janeiro",
            "end": 14,
            "entity": "location",
            "start": 0
          }
        ]
      },
      {
        "text": "Lithuania",
        "intent": "inform",
        "entities": [
          {
            "value": "Lithuania",
            "end": 9,
            "entity": "location",
            "start": 0
          }
        ]
      },
      {
        "text": "es bogota",
        "intent": "inform",
        "entities": [
          {
            "value": "bogota",
            "end": 9,
            "entity": "location",
            "start": 3
          }
        ]
      },
      {
        "text": "es Madrid",
        "intent": "inform",
        "entities": [
          {
            "value": "Madrid",
            "end": 9,
            "entity": "location",
            "start": 3
          }
        ]
      },
      {
        "text": "lo siento es en Italia",
        "intent": "inform",
        "entities": [
          {
            "value": "Italia",
            "end": 22,
            "entity": "location",
            "start": 16
          }
        ]
      },
      {
        "text": "Hablame del clima en Vilna",
        "intent": "inform",
        "entities": [
          {
            "value": "Vilna",
            "end": 26,
            "entity": "location",
            "start": 21
          }
        ]
      },
      {
        "text": "El estado del tiempo en Italia",
        "intent": "inform",
        "entities": [
          {
            "value": "Italia",
            "end": 30,
            "entity": "location",
            "start": 24
          }
        ]
      },
      {
        "text": "Clima en Pasto",
        "intent": "inform",
        "entities": [
          {
            "value": "Pasto",
            "end": 14,
            "entity": "location",
            "start": 9
          }
        ]
      },
      {
        "text": "Clima en Aguadas",
        "intent": "inform",
        "entities": [
          {
            "value": "Aguadas",
            "end": 16,
            "entity": "location",
            "start": 9
          }
        ]
      },
      {
        "text": "Clima en Manizales",
        "intent": "inform",
        "entities": [
          {
            "value": "Manizales",
            "end": 18,
            "entity": "location",
            "start": 9
          }
        ]
      },
      {
        "text": "Clima en Pereira",
        "intent": "inform",
        "entities": [
          {
            "value": "Pereira",
            "end": 16,
            "entity": "location",
            "start": 9
          }
        ]
      }
    ],
    "regex_features": [],
    "lookup_tables": [],
    "entity_synonyms": []
  }
}